,batch_id,create_db_time,run_query_time,Response Time Metric
0,1,0.6344718933105469,0.16908979415893555,0.008357738683437284
